{
  "accuracy": [
    0.8830065131187439,
    0.9823529124259949,
    0.9882352948188782,
    0.9967319965362549,
    0.9947712421417236,
    0.9947712421417236,
    0.9960784316062927,
    0.998039186000824,
    0.9973856210708618,
    0.9947712421417236,
    0.9986928105354309,
    0.9986928105354309,
    0.9986928105354309,
    0.9993463754653931,
    0.9967319965362549,
    0.9986928105354309,
    0.9993463754653931,
    1.0,
    0.998039186000824,
    0.998039186000824,
    0.9385620951652527,
    0.9764705896377563,
    0.9823529124259949,
    0.9895424842834473,
    0.9934640526771545,
    0.9888888597488403,
    0.9901960492134094,
    0.9915032386779785,
    0.9941176176071167,
    0.9973856210708618,
    0.9960784316062927,
    0.9973856210708618,
    0.9993463754653931,
    0.9973856210708618,
    0.9947712421417236,
    0.9973856210708618,
    0.9993463754653931,
    0.9986928105354309,
    0.9986928105354309,
    0.9993463754653931,
    0.998039186000824,
    1.0,
    0.9986928105354309,
    0.9986928105354309,
    0.9986928105354309,
    0.9986928105354309,
    0.9967319965362549,
    1.0,
    0.9986928105354309,
    0.998039186000824
  ],
  "loss": [
    0.418064683675766,
    0.14331461489200592,
    0.10761240124702454,
    0.08797068148851395,
    0.0793866291642189,
    0.07748351991176605,
    0.07190235704183578,
    0.0617118775844574,
    0.06217983365058899,
    0.06399630755186081,
    0.05907567963004112,
    0.05651360750198364,
    0.05612165480852127,
    0.05313827469944954,
    0.05779107287526131,
    0.05078272148966789,
    0.047737058252096176,
    0.045393235981464386,
    0.04995644837617874,
    0.04791789874434471,
    0.24990114569664001,
    0.10564378648996353,
    0.09059678763151169,
    0.07752223312854767,
    0.06865418702363968,
    0.07177300751209259,
    0.07811909914016724,
    0.08086911588907242,
    0.05774132162332535,
    0.060280829668045044,
    0.05974821373820305,
    0.05507953464984894,
    0.04834672436118126,
    0.05881761014461517,
    0.05897727236151695,
    0.05444834753870964,
    0.05036726966500282,
    0.052999094128608704,
    0.04950839653611183,
    0.04855996370315552,
    0.04748508706688881,
    0.04733613505959511,
    0.0504869781434536,
    0.04603652283549309,
    0.048160772770643234,
    0.04655826464295387,
    0.05012531206011772,
    0.044866155833005905,
    0.04958230257034302,
    0.050421714782714844
  ],
  "val_accuracy": [
    0.9848024249076843,
    0.9908814430236816,
    0.9908814430236816,
    0.996960461139679,
    0.996960461139679,
    0.996960461139679,
    0.9878419637680054,
    0.9908814430236816,
    0.9908814430236816,
    0.996960461139679,
    0.9939209818840027,
    0.9939209818840027,
    0.9908814430236816,
    0.996960461139679,
    0.9908814430236816,
    0.9908814430236816,
    0.9939209818840027,
    0.9939209818840027,
    0.9939209818840027,
    0.9939209818840027,
    0.9939209818840027,
    0.9939209818840027,
    0.9908814430236816,
    0.9908814430236816,
    0.996960461139679,
    0.996960461139679,
    0.996960461139679,
    0.996960461139679,
    0.9939209818840027,
    0.9939209818840027,
    1.0,
    0.996960461139679,
    0.996960461139679,
    0.996960461139679,
    1.0,
    0.996960461139679,
    0.996960461139679,
    0.996960461139679,
    1.0,
    1.0,
    1.0,
    1.0,
    1.0,
    1.0,
    1.0,
    1.0,
    1.0,
    1.0,
    1.0,
    1.0
  ],
  "val_loss": [
    0.11587941646575928,
    0.08825705945491791,
    0.07931021600961685,
    0.0729932188987732,
    0.06914064288139343,
    0.07136936485767365,
    0.08184397220611572,
    0.06855637580156326,
    0.06698039174079895,
    0.07514555007219315,
    0.06507648527622223,
    0.06340652704238892,
    0.06028775870800018,
    0.05764171481132507,
    0.06216639280319214,
    0.05717940628528595,
    0.06465494632720947,
    0.05786941573023796,
    0.06054709106683731,
    0.05900495499372482,
    0.11711769551038742,
    0.08619881421327591,
    0.10291244089603424,
    0.0898301750421524,
    0.07039915025234222,
    0.05997488647699356,
    0.07491070032119751,
    0.04661284014582634,
    0.05468764901161194,
    0.051136475056409836,
    0.04510729759931564,
    0.04733939841389656,
    0.04758228734135628,
    0.04851922392845154,
    0.044369954615831375,
    0.046293605118989944,
    0.0478694811463356,
    0.04498301073908806,
    0.0439295768737793,
    0.04275363311171532,
    0.04266900196671486,
    0.042417459189891815,
    0.041975658386945724,
    0.04180692508816719,
    0.04171447828412056,
    0.04147090017795563,
    0.04134029895067215,
    0.04121939837932587,
    0.04137282073497772,
    0.04097837582230568
  ],
  "learning_rate": [
    0.0010000000474974513,
    0.0010000000474974513,
    0.0010000000474974513,
    0.0010000000474974513,
    0.0010000000474974513,
    0.0010000000474974513,
    0.0010000000474974513,
    0.0010000000474974513,
    0.0010000000474974513,
    0.0010000000474974513,
    0.0010000000474974513,
    0.0010000000474974513,
    0.0010000000474974513,
    0.0010000000474974513,
    0.0010000000474974513,
    0.0010000000474974513,
    0.0010000000474974513,
    0.0010000000474974513,
    0.0010000000474974513,
    0.0010000000474974513,
    9.999999747378752e-05,
    9.999999747378752e-05,
    9.999999747378752e-05,
    9.999999747378752e-05,
    9.999999747378752e-05,
    9.999999747378752e-05,
    9.999999747378752e-05,
    9.999999747378752e-05,
    9.999999747378752e-05,
    9.999999747378752e-05,
    9.999999747378752e-05,
    9.999999747378752e-05,
    9.999999747378752e-05,
    9.999999747378752e-05,
    9.999999747378752e-05,
    9.999999747378752e-05,
    9.999999747378752e-05,
    9.999999747378752e-05,
    9.999999747378752e-05,
    9.999999747378752e-05,
    9.999999747378752e-05,
    9.999999747378752e-05,
    9.999999747378752e-05,
    9.999999747378752e-05,
    9.999999747378752e-05,
    9.999999747378752e-05,
    9.999999747378752e-05,
    9.999999747378752e-05,
    9.999999747378752e-05,
    9.999999747378752e-05
  ]
}